{"actual":{"fecha":"31\/07\/2022","precio":4277.5299999999997453414835035800933837890625,"turno":{"dia":4277.5299999999997453414835035800933837890625,"tarde":4277.5299999999997453414835035800933837890625}},"historial":{"31\/07\/2022":{"fecha":"31\/07\/2022","dia":4277.5299999999997453414835035800933837890625,"tarde":4277.5299999999997453414835035800933837890625},"30\/07\/2022":{"fecha":"30\/07\/2022","dia":4277.5299999999997453414835035800933837890625,"tarde":4277.5299999999997453414835035800933837890625},"29\/07\/2022":{"fecha":"29\/07\/2022","dia":4334.6300000000001091393642127513885498046875,"tarde":4277.5299999999997453414835035800933837890625},"28\/07\/2022":{"fecha":"28\/07\/2022","dia":4374.4499999999998181010596454143524169921875,"tarde":4362.6199999999998908606357872486114501953125},"27\/07\/2022":{"fecha":"27\/07\/2022","dia":4398.1199999999998908606357872486114501953125,"tarde":4415.600000000000363797880709171295166015625},"26\/07\/2022":{"fecha":"26\/07\/2022","dia":4413.260000000000218278728425502777099609375,"tarde":4437.739999999999781721271574497222900390625},"25\/07\/2022":{"fecha":"25\/07\/2022","dia":4418.90999999999985448084771633148193359375,"tarde":4461.100000000000363797880709171295166015625},"24\/07\/2022":{"dia":4453.149999999999636202119290828704833984375,"tarde":4453.149999999999636202119290828704833984375,"fecha":"24\/07\/2022"},"23\/07\/2022":{"fecha":"23\/07\/2022","dia":4453.149999999999636202119290828704833984375,"tarde":4453.149999999999636202119290828704833984375},"22\/07\/2022":{"fecha":"22\/07\/2022","dia":4428.3100000000004001776687800884246826171875,"tarde":4453.149999999999636202119290828704833984375},"21\/07\/2022":{"fecha":"21\/07\/2022","dia":4375.97999999999956344254314899444580078125,"tarde":4414.0399999999999636202119290828704833984375},"20\/07\/2022":{"fecha":"20\/07\/2022","dia":4309.9700000000002546585164964199066162109375,"tarde":4344.0500000000001818989403545856475830078125},"19\/07\/2022":{"fecha":"19\/07\/2022","dia":4277.5299999999997453414835035800933837890625,"tarde":0},"18\/07\/2022":{"fecha":"18\/07\/2022","dia":4314.0600000000004001776687800884246826171875,"tarde":4296.09000000000014551915228366851806640625},"17\/07\/2022":{"fecha":"17\/07\/2022","dia":4348.9600000000000363797880709171295166015625,"tarde":4348.9600000000000363797880709171295166015625},"16\/07\/2022":{"fecha":"16\/07\/2022","dia":4348.9600000000000363797880709171295166015625,"tarde":4348.9600000000000363797880709171295166015625},"15\/07\/2022":{"fecha":"15\/07\/2022","dia":4414.0399999999999636202119290828704833984375,"tarde":4348.9600000000000363797880709171295166015625},"14\/07\/2022":{"fecha":"14\/07\/2022","dia":4539.1899999999995998223312199115753173828125,"tarde":4482.09000000000014551915228366851806640625}}}